{
  "imports": {
    "cce:/internal/x/cc": "./chunks/e6/e61435655889656fbe773d7a4ee2a888f9b2a9ff.js",
    "cce:/internal/x/prerequisite-imports": "./chunks/64/6411f90c4190295b67aabbf0e2b7e84f48230598.js",
    "file:///Users/vivi/Desktop/TLMT/TienLenMienNam/assets/scripts/Base/AssetsManager.ts": "./chunks/a2/a2c76ef40f0aaebe26b5596ffb1a3720970ea71f.js",
    "file:///Users/vivi/Desktop/TLMT/TienLenMienNam/assets/scripts/Base/Config.ts": "./chunks/cf/cf3439a896b47b1cdbc567735550b979067c8c77.js",
    "file:///Users/vivi/Desktop/TLMT/TienLenMienNam/assets/scripts/Base/DataStore.ts": "./chunks/4f/4f6b9f587ef245069f404004396dc1a3d74bf9d9.js",
    "file:///Users/vivi/Desktop/TLMT/TienLenMienNam/assets/scripts/Base/Director.ts": "./chunks/ab/ab491c775c028c8302073396114180d47bb6602d.js",
    "file:///Users/vivi/Desktop/TLMT/TienLenMienNam/assets/scripts/Base/Observer.ts": "./chunks/13/13e2fc84edfd4fa921d5c809a16c106a91b28538.js",
    "file:///Users/vivi/Desktop/TLMT/TienLenMienNam/assets/scripts/Base/Subscriber.ts": "./chunks/0c/0c74b3d41742065add108a5a9f43efeda8383a73.js",
    "file:///Users/vivi/Desktop/TLMT/TienLenMienNam/assets/scripts/GameDefine/AssetsDefine.ts": "./chunks/68/683ee952613552a8f518c4ddd63fecb740786ffe.js",
    "file:///Users/vivi/Desktop/TLMT/TienLenMienNam/assets/scripts/GameDefine/GameDefine.ts": "./chunks/dd/ddb65206a7965ca86b0c38091f147dee89f845c1.js",
    "file:///Users/vivi/Desktop/TLMT/TienLenMienNam/assets/scripts/Model/GameState.ts": "./chunks/c0/c010d5f73c97cdf23ec456ccff0ef339260369fe.js"
  },
  "scopes": {
    "./chunks/e6/e61435655889656fbe773d7a4ee2a888f9b2a9ff.js": {
      "__unresolved_0": "cce:/internal/x/cc-fu/2d",
      "__unresolved_1": "cce:/internal/x/cc-fu/3d",
      "__unresolved_10": "cce:/internal/x/cc-fu/particle-2d",
      "__unresolved_11": "cce:/internal/x/cc-fu/physics-2d-box2d",
      "__unresolved_12": "cce:/internal/x/cc-fu/physics-2d-framework",
      "__unresolved_13": "cce:/internal/x/cc-fu/physics-ammo",
      "__unresolved_14": "cce:/internal/x/cc-fu/physics-framework",
      "__unresolved_15": "cce:/internal/x/cc-fu/wait-for-ammo-instantiation",
      "__unresolved_16": "cce:/internal/x/cc-fu/primitive",
      "__unresolved_17": "cce:/internal/x/cc-fu/profiler",
      "__unresolved_18": "cce:/internal/x/cc-fu/skeletal-animation",
      "__unresolved_19": "cce:/internal/x/cc-fu/spine",
      "__unresolved_2": "cce:/internal/x/cc-fu/animation",
      "__unresolved_20": "cce:/internal/x/cc-fu/terrain",
      "__unresolved_21": "cce:/internal/x/cc-fu/tiled-map",
      "__unresolved_22": "cce:/internal/x/cc-fu/tween",
      "__unresolved_23": "cce:/internal/x/cc-fu/ui",
      "__unresolved_24": "cce:/internal/x/cc-fu/video",
      "__unresolved_25": "cce:/internal/x/cc-fu/webview",
      "__unresolved_26": "cce:/internal/x/cc-fu/xr",
      "__unresolved_3": "cce:/internal/x/cc-fu/audio",
      "__unresolved_4": "cce:/internal/x/cc-fu/base",
      "__unresolved_5": "cce:/internal/x/cc-fu/dragon-bones",
      "__unresolved_6": "cce:/internal/x/cc-fu/gfx-webgl",
      "__unresolved_7": "cce:/internal/x/cc-fu/gfx-webgl2",
      "__unresolved_8": "cce:/internal/x/cc-fu/intersection-2d",
      "__unresolved_9": "cce:/internal/x/cc-fu/particle"
    },
    "./chunks/64/6411f90c4190295b67aabbf0e2b7e84f48230598.js": {
      "__unresolved_0": "./chunks/a2/a2c76ef40f0aaebe26b5596ffb1a3720970ea71f.js",
      "__unresolved_1": "./chunks/cf/cf3439a896b47b1cdbc567735550b979067c8c77.js",
      "__unresolved_2": "./chunks/4f/4f6b9f587ef245069f404004396dc1a3d74bf9d9.js",
      "__unresolved_3": "./chunks/ab/ab491c775c028c8302073396114180d47bb6602d.js",
      "__unresolved_4": "./chunks/13/13e2fc84edfd4fa921d5c809a16c106a91b28538.js",
      "__unresolved_5": "./chunks/0c/0c74b3d41742065add108a5a9f43efeda8383a73.js",
      "__unresolved_6": "./chunks/68/683ee952613552a8f518c4ddd63fecb740786ffe.js",
      "__unresolved_7": "./chunks/dd/ddb65206a7965ca86b0c38091f147dee89f845c1.js",
      "__unresolved_8": "./chunks/c0/c010d5f73c97cdf23ec456ccff0ef339260369fe.js"
    },
    "./chunks/c0/c010d5f73c97cdf23ec456ccff0ef339260369fe.js": {
      "__unresolved_0": "./chunks/3a/3a1fd7b13056478820ebedd306d3446d1aa408cc.js",
      "__unresolved_1": "./chunks/4b/4be1433d4c0f8bba89b302d76ee7975d70d3ace7.js",
      "cc": "./chunks/e6/e61435655889656fbe773d7a4ee2a888f9b2a9ff.js"
    },
    "./chunks/4b/4be1433d4c0f8bba89b302d76ee7975d70d3ace7.js": {
      "__unresolved_0": "./chunks/3a/3a1fd7b13056478820ebedd306d3446d1aa408cc.js",
      "__unresolved_1": "./chunks/3f/3f6d8be84fc45a1f103c3b81f5449ef03e56906f.js",
      "__unresolved_2": "./chunks/bf/bfe72779096c71ed4dc3545a580f7065d44c03f9.js",
      "__unresolved_3": "./chunks/3f/3f6d8be84fc45a1f103c3b81f5449ef03e56906f.js",
      "__unresolved_4": "./chunks/3f/3f6d8be84fc45a1f103c3b81f5449ef03e56906f.js"
    },
    "./chunks/3f/3f6d8be84fc45a1f103c3b81f5449ef03e56906f.js": {
      "__unresolved_0": "./chunks/bf/bfe72779096c71ed4dc3545a580f7065d44c03f9.js"
    },
    "./chunks/dd/ddb65206a7965ca86b0c38091f147dee89f845c1.js": {
      "cc": "./chunks/e6/e61435655889656fbe773d7a4ee2a888f9b2a9ff.js"
    },
    "./chunks/68/683ee952613552a8f518c4ddd63fecb740786ffe.js": {
      "cc": "./chunks/e6/e61435655889656fbe773d7a4ee2a888f9b2a9ff.js"
    },
    "./chunks/0c/0c74b3d41742065add108a5a9f43efeda8383a73.js": {
      "__unresolved_0": "./chunks/3a/3a1fd7b13056478820ebedd306d3446d1aa408cc.js",
      "__unresolved_1": "./chunks/13/13e2fc84edfd4fa921d5c809a16c106a91b28538.js",
      "cc": "./chunks/e6/e61435655889656fbe773d7a4ee2a888f9b2a9ff.js"
    },
    "./chunks/13/13e2fc84edfd4fa921d5c809a16c106a91b28538.js": {
      "__unresolved_0": "./chunks/3a/3a1fd7b13056478820ebedd306d3446d1aa408cc.js",
      "__unresolved_1": "./chunks/cf/cf3439a896b47b1cdbc567735550b979067c8c77.js",
      "__unresolved_2": "./chunks/4f/4f6b9f587ef245069f404004396dc1a3d74bf9d9.js",
      "__unresolved_3": "./chunks/a2/a2c76ef40f0aaebe26b5596ffb1a3720970ea71f.js",
      "cc": "./chunks/e6/e61435655889656fbe773d7a4ee2a888f9b2a9ff.js"
    },
    "./chunks/a2/a2c76ef40f0aaebe26b5596ffb1a3720970ea71f.js": {
      "cc": "./chunks/e6/e61435655889656fbe773d7a4ee2a888f9b2a9ff.js"
    },
    "./chunks/4f/4f6b9f587ef245069f404004396dc1a3d74bf9d9.js": {
      "cc": "./chunks/e6/e61435655889656fbe773d7a4ee2a888f9b2a9ff.js"
    },
    "./chunks/cf/cf3439a896b47b1cdbc567735550b979067c8c77.js": {
      "cc": "./chunks/e6/e61435655889656fbe773d7a4ee2a888f9b2a9ff.js"
    },
    "./chunks/ab/ab491c775c028c8302073396114180d47bb6602d.js": {
      "__unresolved_0": "./chunks/3a/3a1fd7b13056478820ebedd306d3446d1aa408cc.js",
      "__unresolved_1": "./chunks/0c/0c74b3d41742065add108a5a9f43efeda8383a73.js",
      "__unresolved_2": "./chunks/c0/c010d5f73c97cdf23ec456ccff0ef339260369fe.js",
      "cc": "./chunks/e6/e61435655889656fbe773d7a4ee2a888f9b2a9ff.js"
    }
  }
}
