{
  "__type__": "cc.SpriteFrame",
  "content": {
    "name": "bg",
    "atlas": "",
    "rect": {
      "x": 0,
      "y": 0,
      "width": 3000,
      "height": 2000
    },
    "offset": {
      "x": 0,
      "y": 0
    },
    "originalSize": {
      "width": 3000,
      "height": 2000
    },
    "rotated": false,
    "capInsets": [
      0,
      0,
      0,
      0
    ],
    "vertices": {
      "rawPosition": [
        -1500,
        -1000,
        0,
        1500,
        -1000,
        0,
        -1500,
        1000,
        0,
        1500,
        1000,
        0
      ],
      "indexes": [
        0,
        1,
        2,
        2,
        1,
        3
      ],
      "uv": [
        0,
        2000,
        3000,
        2000,
        0,
        0,
        3000,
        0
      ],
      "nuv": [
        0,
        0,
        1,
        0,
        0,
        1,
        1,
        1
      ],
      "minPos": {
        "x": -1500,
        "y": -1000,
        "z": 0
      },
      "maxPos": {
        "x": 1500,
        "y": 1000,
        "z": 0
      }
    },
    "texture": "8d86f10e-4f68-4239-aae5-03789280bd86@6c48a",
    "packable": true,
    "pixelsToUnit": 100,
    "pivot": {
      "x": 0.5,
      "y": 0.5
    },
    "meshType": 0
  }
}