{
  "__type__": "cc.SpriteFrame",
  "content": {
    "name": "card_52",
    "atlas": "4aae7a81-dd3f-4e9e-9c25-f3bb696190e5",
    "rect": {
      "x": 1032,
      "y": 240,
      "width": 167,
      "height": 234
    },
    "offset": {
      "x": 0,
      "y": 0
    },
    "originalSize": {
      "width": 167,
      "height": 234
    },
    "rotated": false,
    "capInsets": [
      0,
      0,
      0,
      0
    ],
    "vertices": {
      "rawPosition": [],
      "indexes": [],
      "uv": [],
      "nuv": [],
      "minPos": {
        "x": 0,
        "y": 0,
        "z": 0
      },
      "maxPos": {
        "x": 0,
        "y": 0,
        "z": 0
      }
    },
    "texture": "81c467f7-17ba-4358-a94a-9fd3045153d0@6c48a",
    "packable": true,
    "pixelsToUnit": 100,
    "pivot": {
      "x": 0.5,
      "y": 0.5
    },
    "meshType": 0
  }
}