{
  "__type__": "cc.SpriteFrame",
  "content": {
    "name": "AvatarAtlas",
    "atlas": "",
    "rect": {
      "x": 2,
      "y": 2,
      "width": 599,
      "height": 602
    },
    "offset": {
      "x": 0,
      "y": 0
    },
    "originalSize": {
      "width": 603,
      "height": 606
    },
    "rotated": false,
    "capInsets": [
      0,
      0,
      0,
      0
    ],
    "vertices": {
      "rawPosition": [
        -299.5,
        -301,
        0,
        299.5,
        -301,
        0,
        -299.5,
        301,
        0,
        299.5,
        301,
        0
      ],
      "indexes": [
        0,
        1,
        2,
        2,
        1,
        3
      ],
      "uv": [
        2,
        604,
        601,
        604,
        2,
        2,
        601,
        2
      ],
      "nuv": [
        0.003316749585406302,
        0.0033003300330033004,
        0.9966832504145937,
        0.0033003300330033004,
        0.003316749585406302,
        0.9966996699669967,
        0.9966832504145937,
        0.9966996699669967
      ],
      "minPos": {
        "x": -299.5,
        "y": -301,
        "z": 0
      },
      "maxPos": {
        "x": 299.5,
        "y": 301,
        "z": 0
      }
    },
    "texture": "5557d960-303e-4881-8b7f-1b87547a66ab@6c48a",
    "packable": true,
    "pixelsToUnit": 100,
    "pivot": {
      "x": 0.5,
      "y": 0.5
    },
    "meshType": 0
  }
}