{
  "/Users/vivi/Desktop/TLMT/TienLenMienNam/assets/assets": {
    "time": 1725385180000,
    "uuid": "e277c993-e1c9-4b25-b632-30cb269306fc",
    "missing": false
  },
  "/Users/vivi/Desktop/TLMT/TienLenMienNam/assets/prefabs": {
    "time": 1725385161000,
    "uuid": "52f40375-3b3c-4878-a9af-9dd3e85bb9f3",
    "missing": false
  },
  "/Users/vivi/Desktop/TLMT/TienLenMienNam/assets/scene": {
    "time": 1725385351000,
    "uuid": "6a88bd69-5517-47a9-beb0-6ebea4ea0b59",
    "missing": false
  },
  "/Users/vivi/Desktop/TLMT/TienLenMienNam/assets/scripts": {
    "time": 1725385180000,
    "uuid": "c7d39f9e-8d1d-48d6-9fec-cbf6f5000c5e",
    "missing": false
  },
  "/Users/vivi/Desktop/TLMT/TienLenMienNam/assets/assets/atlas": {
    "time": 1725385180000,
    "uuid": "f7da23b8-3202-4cb5-a2a9-da2b07ba5618",
    "missing": false
  },
  "/Users/vivi/Desktop/TLMT/TienLenMienNam/assets/assets/bg": {
    "time": 1725385161000,
    "uuid": "e1788f94-95a6-4240-a380-6bd36cc8cb8e",
    "missing": false
  },
  "/Users/vivi/Desktop/TLMT/TienLenMienNam/assets/prefabs/player": {
    "time": 1725385161000,
    "uuid": "5acb9ee8-7262-466e-8bb7-a546adef42b1",
    "missing": false
  },
  "/Users/vivi/Desktop/TLMT/TienLenMienNam/assets/scripts/Base": {
    "time": 1725385180000,
    "uuid": "f1980f81-ea03-4207-8652-6dd8c905492e",
    "missing": false
  },
  "/Users/vivi/Desktop/TLMT/TienLenMienNam/assets/scripts/GameDefine": {
    "time": 1725385180000,
    "uuid": "7a1204cd-2ede-43a6-92d6-4b75cbca00a0",
    "missing": false
  },
  "/Users/vivi/Desktop/TLMT/TienLenMienNam/assets/scripts/Model": {
    "time": 1725385180000,
    "uuid": "40e9cb9a-7114-4544-81de-f75cdd567983",
    "missing": false
  },
  "/Users/vivi/Desktop/TLMT/TienLenMienNam/assets/scripts/libs": {
    "time": 1725385180000,
    "uuid": "a8748908-b3e2-49ba-8d33-2ec94d26f822",
    "missing": false
  },
  "/Users/vivi/Desktop/TLMT/TienLenMienNam/assets/scripts/Base/AssetsManager.ts": {
    "time": 1725384887601.9875,
    "uuid": "0d37aed4-f639-49c6-8eac-8c0df5844223",
    "missing": false
  },
  "/Users/vivi/Desktop/TLMT/TienLenMienNam/assets/scripts/Base/Config.ts": {
    "time": 1725384887600.3008,
    "uuid": "2008a839-a1d7-4d5a-8c7e-97847d17b6b7",
    "missing": false
  },
  "/Users/vivi/Desktop/TLMT/TienLenMienNam/assets/scripts/Base/DataStore.ts": {
    "time": 1725384887598.7156,
    "uuid": "3c0283a3-7877-42b4-a955-bfd5f7f02d00",
    "missing": false
  },
  "/Users/vivi/Desktop/TLMT/TienLenMienNam/assets/scripts/Base/Director.ts": {
    "time": 1725384887596.5562,
    "uuid": "6ef8437c-49a5-48ea-bbe7-b0272c2bb7cc",
    "missing": false
  },
  "/Users/vivi/Desktop/TLMT/TienLenMienNam/assets/scripts/Base/Observer.ts": {
    "time": 1725384887594.18,
    "uuid": "aa501473-f9ab-410d-911f-3a1de9f21ccf",
    "missing": false
  },
  "/Users/vivi/Desktop/TLMT/TienLenMienNam/assets/scripts/Base/Subscriber.ts": {
    "time": 1725384887588.76,
    "uuid": "3ea6fc20-5fb4-41d6-9235-9636476ac3d1",
    "missing": false
  },
  "/Users/vivi/Desktop/TLMT/TienLenMienNam/assets/scripts/GameDefine/AssetsDefine.ts": {
    "time": 1725384887581.4,
    "uuid": "fdb725bc-1b05-4a4a-82bf-b8b0cf04118e",
    "missing": false
  },
  "/Users/vivi/Desktop/TLMT/TienLenMienNam/assets/scripts/GameDefine/GameDefine.ts": {
    "time": 1725384887579.3555,
    "uuid": "ade989d2-564c-489f-a6aa-2b629566fc70",
    "missing": false
  },
  "/Users/vivi/Desktop/TLMT/TienLenMienNam/assets/scripts/Model/GameState.ts": {
    "time": 1725384887576.287,
    "uuid": "6717d5ce-f552-4cf8-880f-0e3ecf06852b",
    "missing": false
  },
  "/Users/vivi/Desktop/TLMT/TienLenMienNam/assets/assets.meta": {
    "time": 1725384887611.5366
  },
  "/Users/vivi/Desktop/TLMT/TienLenMienNam/assets/prefabs.meta": {
    "time": 1725384887582.3572
  },
  "/Users/vivi/Desktop/TLMT/TienLenMienNam/assets/scene.meta": {
    "time": 1725385318134.5886
  },
  "/Users/vivi/Desktop/TLMT/TienLenMienNam/assets/scripts.meta": {
    "time": 1725384887717.4773
  },
  "/Users/vivi/Desktop/TLMT/TienLenMienNam/assets/assets/atlas.meta": {
    "time": 1725384887612.1384
  },
  "/Users/vivi/Desktop/TLMT/TienLenMienNam/assets/assets/bg.meta": {
    "time": 1725384887612.7942
  },
  "/Users/vivi/Desktop/TLMT/TienLenMienNam/assets/prefabs/player.meta": {
    "time": 1725384887569.4326
  },
  "/Users/vivi/Desktop/TLMT/TienLenMienNam/assets/scripts/Base.meta": {
    "time": 1725384887718.7834
  },
  "/Users/vivi/Desktop/TLMT/TienLenMienNam/assets/scripts/GameDefine.meta": {
    "time": 1725384887719.9666
  },
  "/Users/vivi/Desktop/TLMT/TienLenMienNam/assets/scripts/Model.meta": {
    "time": 1725384887720.725
  },
  "/Users/vivi/Desktop/TLMT/TienLenMienNam/assets/scripts/libs.meta": {
    "time": 1725384887721.4253
  },
  "/Users/vivi/Desktop/TLMT/TienLenMienNam/assets/scripts/Base/AssetsManager.ts.meta": {
    "time": 1725384887601.1213
  },
  "/Users/vivi/Desktop/TLMT/TienLenMienNam/assets/scripts/Base/Config.ts.meta": {
    "time": 1725384887599.5322
  },
  "/Users/vivi/Desktop/TLMT/TienLenMienNam/assets/scripts/Base/DataStore.ts.meta": {
    "time": 1725384887597.588
  },
  "/Users/vivi/Desktop/TLMT/TienLenMienNam/assets/scripts/Base/Director.ts.meta": {
    "time": 1725384887595.1584
  },
  "/Users/vivi/Desktop/TLMT/TienLenMienNam/assets/scripts/Base/Observer.ts.meta": {
    "time": 1725384887592.3616
  },
  "/Users/vivi/Desktop/TLMT/TienLenMienNam/assets/scripts/Base/Subscriber.ts.meta": {
    "time": 1725384887584.5725
  },
  "/Users/vivi/Desktop/TLMT/TienLenMienNam/assets/scripts/GameDefine/AssetsDefine.ts.meta": {
    "time": 1725384887580.4614
  },
  "/Users/vivi/Desktop/TLMT/TienLenMienNam/assets/scripts/GameDefine/GameDefine.ts.meta": {
    "time": 1725384887578.3586
  },
  "/Users/vivi/Desktop/TLMT/TienLenMienNam/assets/scripts/Model/GameState.ts.meta": {
    "time": 1725384887575.1643
  },
  "/Users/vivi/Desktop/TLMT/TienLenMienNam/assets/scene/scene-2d.scene": {
    "time": 1725385338543.62,
    "uuid": "f96ec9ab-d82c-41e9-ba03-0357d5ffdd94",
    "missing": false
  },
  "/Users/vivi/Desktop/TLMT/TienLenMienNam/assets/assets/atlas/AvatarAtlas.plist": {
    "time": 1725384887596.8228,
    "uuid": "813978d9-6da6-4a48-bf08-2c59dc7ea676",
    "missing": false
  },
  "/Users/vivi/Desktop/TLMT/TienLenMienNam/assets/assets/atlas/AvatarAtlas.png": {
    "time": 1725384887594.2344,
    "uuid": "5557d960-303e-4881-8b7f-1b87547a66ab",
    "missing": false
  },
  "/Users/vivi/Desktop/TLMT/TienLenMienNam/assets/assets/atlas/CardAtlas.plist": {
    "time": 1725384887586.4346,
    "uuid": "4aae7a81-dd3f-4e9e-9c25-f3bb696190e5",
    "missing": false
  },
  "/Users/vivi/Desktop/TLMT/TienLenMienNam/assets/assets/atlas/CardAtlas.png": {
    "time": 1725384887581.6113,
    "uuid": "81c467f7-17ba-4358-a94a-9fd3045153d0",
    "missing": false
  },
  "/Users/vivi/Desktop/TLMT/TienLenMienNam/assets/assets/bg/bg.jpg": {
    "time": 1725384887574.213,
    "uuid": "8d86f10e-4f68-4239-aae5-03789280bd86",
    "missing": false
  },
  "/Users/vivi/Desktop/TLMT/TienLenMienNam/assets/prefabs/player/MainPlayer.prefab": {
    "time": 1725384887575.7102,
    "uuid": "11239168-a790-4e2e-9654-29c23cad7f18",
    "missing": false
  },
  "/Users/vivi/Desktop/TLMT/TienLenMienNam/assets/prefabs/player/OtherPlayer.prefab": {
    "time": 1725385329748.3418,
    "uuid": "02741e3c-5174-45e3-983c-975d9a1f261e",
    "missing": false
  },
  "/Users/vivi/Desktop/TLMT/TienLenMienNam/assets/scripts/libs/socket.io.js": {
    "time": 1725384887572.8508,
    "uuid": "a8138720-097c-4883-847e-5b5355b8fcf1",
    "missing": false
  },
  "/Users/vivi/Desktop/TLMT/TienLenMienNam/assets/scene/scene-2d.scene.meta": {
    "time": 1725385328734.949
  },
  "/Users/vivi/Desktop/TLMT/TienLenMienNam/assets/assets/atlas/AvatarAtlas.plist.meta": {
    "time": 1725384887595.2896
  },
  "/Users/vivi/Desktop/TLMT/TienLenMienNam/assets/prefabs/player/MainPlayer.prefab.meta": {
    "time": 1725384887574.4768
  },
  "/Users/vivi/Desktop/TLMT/TienLenMienNam/assets/prefabs/player/OtherPlayer.prefab.meta": {
    "time": 1725384887571.9465
  },
  "/Users/vivi/Desktop/TLMT/TienLenMienNam/assets/scripts/libs/socket.io.js.meta": {
    "time": 1725384887570.8923
  },
  "/Users/vivi/Desktop/TLMT/TienLenMienNam/assets/assets/atlas/AvatarAtlas.png.meta": {
    "time": 1725384887590.4517
  },
  "/Users/vivi/Desktop/TLMT/TienLenMienNam/assets/assets/atlas/CardAtlas.plist.meta": {
    "time": 1725384887582.9683
  },
  "/Users/vivi/Desktop/TLMT/TienLenMienNam/assets/assets/atlas/CardAtlas.png.meta": {
    "time": 1725384887576.4082
  },
  "/Users/vivi/Desktop/TLMT/TienLenMienNam/assets/assets/bg/bg.jpg.meta": {
    "time": 1725384887570.538
  }
}
