{
  "e277c993-e1c9-4b25-b632-30cb269306fc": {
    "url": "db://assets/assets",
    "value": {}
  },
  "52f40375-3b3c-4878-a9af-9dd3e85bb9f3": {
    "url": "db://assets/prefabs",
    "value": {}
  },
  "6a88bd69-5517-47a9-beb0-6ebea4ea0b59": {
    "url": "db://assets/scene",
    "value": {}
  },
  "c7d39f9e-8d1d-48d6-9fec-cbf6f5000c5e": {
    "url": "db://assets/scripts",
    "value": {}
  },
  "f7da23b8-3202-4cb5-a2a9-da2b07ba5618": {
    "url": "db://assets/assets/atlas",
    "value": {}
  },
  "e1788f94-95a6-4240-a380-6bd36cc8cb8e": {
    "url": "db://assets/assets/bg",
    "value": {}
  },
  "5acb9ee8-7262-466e-8bb7-a546adef42b1": {
    "url": "db://assets/prefabs/player",
    "value": {}
  },
  "f1980f81-ea03-4207-8652-6dd8c905492e": {
    "url": "db://assets/scripts/Base",
    "value": {}
  },
  "7a1204cd-2ede-43a6-92d6-4b75cbca00a0": {
    "url": "db://assets/scripts/GameDefine",
    "value": {}
  },
  "40e9cb9a-7114-4544-81de-f75cdd567983": {
    "url": "db://assets/scripts/Model",
    "value": {}
  },
  "a8748908-b3e2-49ba-8d33-2ec94d26f822": {
    "url": "db://assets/scripts/libs",
    "value": {}
  },
  "0d37aed4-f639-49c6-8eac-8c0df5844223": {
    "url": "db://assets/scripts/Base/AssetsManager.ts",
    "value": {}
  },
  "2008a839-a1d7-4d5a-8c7e-97847d17b6b7": {
    "url": "db://assets/scripts/Base/Config.ts",
    "value": {}
  },
  "3c0283a3-7877-42b4-a955-bfd5f7f02d00": {
    "url": "db://assets/scripts/Base/DataStore.ts",
    "value": {}
  },
  "6ef8437c-49a5-48ea-bbe7-b0272c2bb7cc": {
    "url": "db://assets/scripts/Base/Director.ts",
    "value": {}
  },
  "aa501473-f9ab-410d-911f-3a1de9f21ccf": {
    "url": "db://assets/scripts/Base/Observer.ts",
    "value": {}
  },
  "3ea6fc20-5fb4-41d6-9235-9636476ac3d1": {
    "url": "db://assets/scripts/Base/Subscriber.ts",
    "value": {}
  },
  "fdb725bc-1b05-4a4a-82bf-b8b0cf04118e": {
    "url": "db://assets/scripts/GameDefine/AssetsDefine.ts",
    "value": {}
  },
  "ade989d2-564c-489f-a6aa-2b629566fc70": {
    "url": "db://assets/scripts/GameDefine/GameDefine.ts",
    "value": {}
  },
  "6717d5ce-f552-4cf8-880f-0e3ecf06852b": {
    "url": "db://assets/scripts/Model/GameState.ts",
    "value": {}
  },
  "f96ec9ab-d82c-41e9-ba03-0357d5ffdd94": {
    "url": "db://assets/scene/scene-2d.scene",
    "value": {
      "depends": [
        "f96ec9ab-d82c-41e9-ba03-0357d5ffdd94",
        "8d86f10e-4f68-4239-aae5-03789280bd86@f9941"
      ]
    }
  },
  "5557d960-303e-4881-8b7f-1b87547a66ab": {
    "url": "db://assets/assets/atlas/AvatarAtlas.png",
    "value": {
      "depends": []
    }
  },
  "81c467f7-17ba-4358-a94a-9fd3045153d0": {
    "url": "db://assets/assets/atlas/CardAtlas.png",
    "value": {
      "depends": []
    }
  },
  "813978d9-6da6-4a48-bf08-2c59dc7ea676": {
    "url": "db://assets/assets/atlas/AvatarAtlas.plist",
    "value": {
      "depends": [
        "813978d9-6da6-4a48-bf08-2c59dc7ea676@032e0",
        "813978d9-6da6-4a48-bf08-2c59dc7ea676@06e37",
        "813978d9-6da6-4a48-bf08-2c59dc7ea676@3f25c",
        "813978d9-6da6-4a48-bf08-2c59dc7ea676@7fdc2",
        "813978d9-6da6-4a48-bf08-2c59dc7ea676@2fe49",
        "813978d9-6da6-4a48-bf08-2c59dc7ea676@d2ce4",
        "813978d9-6da6-4a48-bf08-2c59dc7ea676@2ee71",
        "813978d9-6da6-4a48-bf08-2c59dc7ea676@e0f13",
        "813978d9-6da6-4a48-bf08-2c59dc7ea676@f16da"
      ]
    }
  },
  "4aae7a81-dd3f-4e9e-9c25-f3bb696190e5": {
    "url": "db://assets/assets/atlas/CardAtlas.plist",
    "value": {
      "depends": [
        "4aae7a81-dd3f-4e9e-9c25-f3bb696190e5@45f31",
        "4aae7a81-dd3f-4e9e-9c25-f3bb696190e5@0d138",
        "4aae7a81-dd3f-4e9e-9c25-f3bb696190e5@df964",
        "4aae7a81-dd3f-4e9e-9c25-f3bb696190e5@9f418",
        "4aae7a81-dd3f-4e9e-9c25-f3bb696190e5@92f56",
        "4aae7a81-dd3f-4e9e-9c25-f3bb696190e5@33c8f",
        "4aae7a81-dd3f-4e9e-9c25-f3bb696190e5@595f5",
        "4aae7a81-dd3f-4e9e-9c25-f3bb696190e5@2d5af",
        "4aae7a81-dd3f-4e9e-9c25-f3bb696190e5@2d5b2",
        "4aae7a81-dd3f-4e9e-9c25-f3bb696190e5@e27e6",
        "4aae7a81-dd3f-4e9e-9c25-f3bb696190e5@19fd0",
        "4aae7a81-dd3f-4e9e-9c25-f3bb696190e5@a0a14",
        "4aae7a81-dd3f-4e9e-9c25-f3bb696190e5@0d591",
        "4aae7a81-dd3f-4e9e-9c25-f3bb696190e5@a82b3",
        "4aae7a81-dd3f-4e9e-9c25-f3bb696190e5@1a403",
        "4aae7a81-dd3f-4e9e-9c25-f3bb696190e5@8c1b1",
        "4aae7a81-dd3f-4e9e-9c25-f3bb696190e5@9122e",
        "4aae7a81-dd3f-4e9e-9c25-f3bb696190e5@98bc4",
        "4aae7a81-dd3f-4e9e-9c25-f3bb696190e5@09276",
        "4aae7a81-dd3f-4e9e-9c25-f3bb696190e5@79e6a",
        "4aae7a81-dd3f-4e9e-9c25-f3bb696190e5@7e702",
        "4aae7a81-dd3f-4e9e-9c25-f3bb696190e5@eaba9",
        "4aae7a81-dd3f-4e9e-9c25-f3bb696190e5@ed52d",
        "4aae7a81-dd3f-4e9e-9c25-f3bb696190e5@21fd0",
        "4aae7a81-dd3f-4e9e-9c25-f3bb696190e5@87fca",
        "4aae7a81-dd3f-4e9e-9c25-f3bb696190e5@67217",
        "4aae7a81-dd3f-4e9e-9c25-f3bb696190e5@30321",
        "4aae7a81-dd3f-4e9e-9c25-f3bb696190e5@fdaf0",
        "4aae7a81-dd3f-4e9e-9c25-f3bb696190e5@43c4d",
        "4aae7a81-dd3f-4e9e-9c25-f3bb696190e5@9a3a3",
        "4aae7a81-dd3f-4e9e-9c25-f3bb696190e5@e9b64",
        "4aae7a81-dd3f-4e9e-9c25-f3bb696190e5@d3415",
        "4aae7a81-dd3f-4e9e-9c25-f3bb696190e5@d8b13",
        "4aae7a81-dd3f-4e9e-9c25-f3bb696190e5@dba4b",
        "4aae7a81-dd3f-4e9e-9c25-f3bb696190e5@f6923",
        "4aae7a81-dd3f-4e9e-9c25-f3bb696190e5@e5e53",
        "4aae7a81-dd3f-4e9e-9c25-f3bb696190e5@512fe",
        "4aae7a81-dd3f-4e9e-9c25-f3bb696190e5@e15d4",
        "4aae7a81-dd3f-4e9e-9c25-f3bb696190e5@a8b98",
        "4aae7a81-dd3f-4e9e-9c25-f3bb696190e5@6cb52",
        "4aae7a81-dd3f-4e9e-9c25-f3bb696190e5@1ef74",
        "4aae7a81-dd3f-4e9e-9c25-f3bb696190e5@07bef",
        "4aae7a81-dd3f-4e9e-9c25-f3bb696190e5@5834a",
        "4aae7a81-dd3f-4e9e-9c25-f3bb696190e5@de0eb",
        "4aae7a81-dd3f-4e9e-9c25-f3bb696190e5@b2263",
        "4aae7a81-dd3f-4e9e-9c25-f3bb696190e5@97a32",
        "4aae7a81-dd3f-4e9e-9c25-f3bb696190e5@5ce2d",
        "4aae7a81-dd3f-4e9e-9c25-f3bb696190e5@6238e",
        "4aae7a81-dd3f-4e9e-9c25-f3bb696190e5@07c94",
        "4aae7a81-dd3f-4e9e-9c25-f3bb696190e5@62f9e",
        "4aae7a81-dd3f-4e9e-9c25-f3bb696190e5@0c21c",
        "4aae7a81-dd3f-4e9e-9c25-f3bb696190e5@ee947"
      ]
    }
  },
  "8d86f10e-4f68-4239-aae5-03789280bd86": {
    "url": "db://assets/assets/bg/bg.jpg",
    "value": {
      "depends": []
    }
  },
  "813978d9-6da6-4a48-bf08-2c59dc7ea676@032e0": {
    "url": "db://assets/assets/atlas/AvatarAtlas.plist@032e0",
    "value": {
      "depends": [
        "813978d9-6da6-4a48-bf08-2c59dc7ea676",
        "5557d960-303e-4881-8b7f-1b87547a66ab@6c48a"
      ]
    }
  },
  "4aae7a81-dd3f-4e9e-9c25-f3bb696190e5@30321": {
    "url": "db://assets/assets/atlas/CardAtlas.plist@30321",
    "value": {
      "depends": [
        "4aae7a81-dd3f-4e9e-9c25-f3bb696190e5",
        "81c467f7-17ba-4358-a94a-9fd3045153d0@6c48a"
      ]
    }
  },
  "813978d9-6da6-4a48-bf08-2c59dc7ea676@06e37": {
    "url": "db://assets/assets/atlas/AvatarAtlas.plist@06e37",
    "value": {
      "depends": [
        "813978d9-6da6-4a48-bf08-2c59dc7ea676",
        "5557d960-303e-4881-8b7f-1b87547a66ab@6c48a"
      ]
    }
  },
  "4aae7a81-dd3f-4e9e-9c25-f3bb696190e5@67217": {
    "url": "db://assets/assets/atlas/CardAtlas.plist@67217",
    "value": {
      "depends": [
        "4aae7a81-dd3f-4e9e-9c25-f3bb696190e5",
        "81c467f7-17ba-4358-a94a-9fd3045153d0@6c48a"
      ]
    }
  },
  "813978d9-6da6-4a48-bf08-2c59dc7ea676@3f25c": {
    "url": "db://assets/assets/atlas/AvatarAtlas.plist@3f25c",
    "value": {
      "depends": [
        "813978d9-6da6-4a48-bf08-2c59dc7ea676",
        "5557d960-303e-4881-8b7f-1b87547a66ab@6c48a"
      ]
    }
  },
  "4aae7a81-dd3f-4e9e-9c25-f3bb696190e5@45f31": {
    "url": "db://assets/assets/atlas/CardAtlas.plist@45f31",
    "value": {
      "depends": [
        "4aae7a81-dd3f-4e9e-9c25-f3bb696190e5",
        "81c467f7-17ba-4358-a94a-9fd3045153d0@6c48a"
      ]
    }
  },
  "813978d9-6da6-4a48-bf08-2c59dc7ea676@7fdc2": {
    "url": "db://assets/assets/atlas/AvatarAtlas.plist@7fdc2",
    "value": {
      "depends": [
        "813978d9-6da6-4a48-bf08-2c59dc7ea676",
        "5557d960-303e-4881-8b7f-1b87547a66ab@6c48a"
      ]
    }
  },
  "4aae7a81-dd3f-4e9e-9c25-f3bb696190e5@0d138": {
    "url": "db://assets/assets/atlas/CardAtlas.plist@0d138",
    "value": {
      "depends": [
        "4aae7a81-dd3f-4e9e-9c25-f3bb696190e5",
        "81c467f7-17ba-4358-a94a-9fd3045153d0@6c48a"
      ]
    }
  },
  "8d86f10e-4f68-4239-aae5-03789280bd86@6c48a": {
    "url": "db://assets/assets/bg/bg.jpg@6c48a",
    "value": {
      "depends": [
        "8d86f10e-4f68-4239-aae5-03789280bd86"
      ]
    }
  },
  "813978d9-6da6-4a48-bf08-2c59dc7ea676@2fe49": {
    "url": "db://assets/assets/atlas/AvatarAtlas.plist@2fe49",
    "value": {
      "depends": [
        "813978d9-6da6-4a48-bf08-2c59dc7ea676",
        "5557d960-303e-4881-8b7f-1b87547a66ab@6c48a"
      ]
    }
  },
  "4aae7a81-dd3f-4e9e-9c25-f3bb696190e5@df964": {
    "url": "db://assets/assets/atlas/CardAtlas.plist@df964",
    "value": {
      "depends": [
        "4aae7a81-dd3f-4e9e-9c25-f3bb696190e5",
        "81c467f7-17ba-4358-a94a-9fd3045153d0@6c48a"
      ]
    }
  },
  "813978d9-6da6-4a48-bf08-2c59dc7ea676@d2ce4": {
    "url": "db://assets/assets/atlas/AvatarAtlas.plist@d2ce4",
    "value": {
      "depends": [
        "813978d9-6da6-4a48-bf08-2c59dc7ea676",
        "5557d960-303e-4881-8b7f-1b87547a66ab@6c48a"
      ]
    }
  },
  "4aae7a81-dd3f-4e9e-9c25-f3bb696190e5@9f418": {
    "url": "db://assets/assets/atlas/CardAtlas.plist@9f418",
    "value": {
      "depends": [
        "4aae7a81-dd3f-4e9e-9c25-f3bb696190e5",
        "81c467f7-17ba-4358-a94a-9fd3045153d0@6c48a"
      ]
    }
  },
  "813978d9-6da6-4a48-bf08-2c59dc7ea676@2ee71": {
    "url": "db://assets/assets/atlas/AvatarAtlas.plist@2ee71",
    "value": {
      "depends": [
        "813978d9-6da6-4a48-bf08-2c59dc7ea676",
        "5557d960-303e-4881-8b7f-1b87547a66ab@6c48a"
      ]
    }
  },
  "4aae7a81-dd3f-4e9e-9c25-f3bb696190e5@92f56": {
    "url": "db://assets/assets/atlas/CardAtlas.plist@92f56",
    "value": {
      "depends": [
        "4aae7a81-dd3f-4e9e-9c25-f3bb696190e5",
        "81c467f7-17ba-4358-a94a-9fd3045153d0@6c48a"
      ]
    }
  },
  "813978d9-6da6-4a48-bf08-2c59dc7ea676@e0f13": {
    "url": "db://assets/assets/atlas/AvatarAtlas.plist@e0f13",
    "value": {
      "depends": [
        "813978d9-6da6-4a48-bf08-2c59dc7ea676",
        "5557d960-303e-4881-8b7f-1b87547a66ab@6c48a"
      ]
    }
  },
  "4aae7a81-dd3f-4e9e-9c25-f3bb696190e5@33c8f": {
    "url": "db://assets/assets/atlas/CardAtlas.plist@33c8f",
    "value": {
      "depends": [
        "4aae7a81-dd3f-4e9e-9c25-f3bb696190e5",
        "81c467f7-17ba-4358-a94a-9fd3045153d0@6c48a"
      ]
    }
  },
  "813978d9-6da6-4a48-bf08-2c59dc7ea676@f16da": {
    "url": "db://assets/assets/atlas/AvatarAtlas.plist@f16da",
    "value": {
      "depends": [
        "813978d9-6da6-4a48-bf08-2c59dc7ea676",
        "5557d960-303e-4881-8b7f-1b87547a66ab@6c48a"
      ]
    }
  },
  "11239168-a790-4e2e-9654-29c23cad7f18": {
    "url": "db://assets/prefabs/player/MainPlayer.prefab",
    "value": {
      "depends": [
        "813978d9-6da6-4a48-bf08-2c59dc7ea676@032e0"
      ]
    }
  },
  "4aae7a81-dd3f-4e9e-9c25-f3bb696190e5@595f5": {
    "url": "db://assets/assets/atlas/CardAtlas.plist@595f5",
    "value": {
      "depends": [
        "4aae7a81-dd3f-4e9e-9c25-f3bb696190e5",
        "81c467f7-17ba-4358-a94a-9fd3045153d0@6c48a"
      ]
    }
  },
  "4aae7a81-dd3f-4e9e-9c25-f3bb696190e5@2d5af": {
    "url": "db://assets/assets/atlas/CardAtlas.plist@2d5af",
    "value": {
      "depends": [
        "4aae7a81-dd3f-4e9e-9c25-f3bb696190e5",
        "81c467f7-17ba-4358-a94a-9fd3045153d0@6c48a"
      ]
    }
  },
  "02741e3c-5174-45e3-983c-975d9a1f261e": {
    "url": "db://assets/prefabs/player/OtherPlayer.prefab",
    "value": {
      "depends": [
        "813978d9-6da6-4a48-bf08-2c59dc7ea676@06e37"
      ]
    }
  },
  "4aae7a81-dd3f-4e9e-9c25-f3bb696190e5@2d5b2": {
    "url": "db://assets/assets/atlas/CardAtlas.plist@2d5b2",
    "value": {
      "depends": [
        "4aae7a81-dd3f-4e9e-9c25-f3bb696190e5",
        "81c467f7-17ba-4358-a94a-9fd3045153d0@6c48a"
      ]
    }
  },
  "5557d960-303e-4881-8b7f-1b87547a66ab@6c48a": {
    "url": "db://assets/assets/atlas/AvatarAtlas.png@6c48a",
    "value": {
      "depends": [
        "5557d960-303e-4881-8b7f-1b87547a66ab"
      ]
    }
  },
  "4aae7a81-dd3f-4e9e-9c25-f3bb696190e5@e27e6": {
    "url": "db://assets/assets/atlas/CardAtlas.plist@e27e6",
    "value": {
      "depends": [
        "4aae7a81-dd3f-4e9e-9c25-f3bb696190e5",
        "81c467f7-17ba-4358-a94a-9fd3045153d0@6c48a"
      ]
    }
  },
  "a8138720-097c-4883-847e-5b5355b8fcf1": {
    "url": "db://assets/scripts/libs/socket.io.js",
    "value": {}
  },
  "4aae7a81-dd3f-4e9e-9c25-f3bb696190e5@19fd0": {
    "url": "db://assets/assets/atlas/CardAtlas.plist@19fd0",
    "value": {
      "depends": [
        "4aae7a81-dd3f-4e9e-9c25-f3bb696190e5",
        "81c467f7-17ba-4358-a94a-9fd3045153d0@6c48a"
      ]
    }
  },
  "4aae7a81-dd3f-4e9e-9c25-f3bb696190e5@a0a14": {
    "url": "db://assets/assets/atlas/CardAtlas.plist@a0a14",
    "value": {
      "depends": [
        "4aae7a81-dd3f-4e9e-9c25-f3bb696190e5",
        "81c467f7-17ba-4358-a94a-9fd3045153d0@6c48a"
      ]
    }
  },
  "4aae7a81-dd3f-4e9e-9c25-f3bb696190e5@0d591": {
    "url": "db://assets/assets/atlas/CardAtlas.plist@0d591",
    "value": {
      "depends": [
        "4aae7a81-dd3f-4e9e-9c25-f3bb696190e5",
        "81c467f7-17ba-4358-a94a-9fd3045153d0@6c48a"
      ]
    }
  },
  "4aae7a81-dd3f-4e9e-9c25-f3bb696190e5@a82b3": {
    "url": "db://assets/assets/atlas/CardAtlas.plist@a82b3",
    "value": {
      "depends": [
        "4aae7a81-dd3f-4e9e-9c25-f3bb696190e5",
        "81c467f7-17ba-4358-a94a-9fd3045153d0@6c48a"
      ]
    }
  },
  "4aae7a81-dd3f-4e9e-9c25-f3bb696190e5@1a403": {
    "url": "db://assets/assets/atlas/CardAtlas.plist@1a403",
    "value": {
      "depends": [
        "4aae7a81-dd3f-4e9e-9c25-f3bb696190e5",
        "81c467f7-17ba-4358-a94a-9fd3045153d0@6c48a"
      ]
    }
  },
  "4aae7a81-dd3f-4e9e-9c25-f3bb696190e5@8c1b1": {
    "url": "db://assets/assets/atlas/CardAtlas.plist@8c1b1",
    "value": {
      "depends": [
        "4aae7a81-dd3f-4e9e-9c25-f3bb696190e5",
        "81c467f7-17ba-4358-a94a-9fd3045153d0@6c48a"
      ]
    }
  },
  "4aae7a81-dd3f-4e9e-9c25-f3bb696190e5@9122e": {
    "url": "db://assets/assets/atlas/CardAtlas.plist@9122e",
    "value": {
      "depends": [
        "4aae7a81-dd3f-4e9e-9c25-f3bb696190e5",
        "81c467f7-17ba-4358-a94a-9fd3045153d0@6c48a"
      ]
    }
  },
  "4aae7a81-dd3f-4e9e-9c25-f3bb696190e5@98bc4": {
    "url": "db://assets/assets/atlas/CardAtlas.plist@98bc4",
    "value": {
      "depends": [
        "4aae7a81-dd3f-4e9e-9c25-f3bb696190e5",
        "81c467f7-17ba-4358-a94a-9fd3045153d0@6c48a"
      ]
    }
  },
  "4aae7a81-dd3f-4e9e-9c25-f3bb696190e5@09276": {
    "url": "db://assets/assets/atlas/CardAtlas.plist@09276",
    "value": {
      "depends": [
        "4aae7a81-dd3f-4e9e-9c25-f3bb696190e5",
        "81c467f7-17ba-4358-a94a-9fd3045153d0@6c48a"
      ]
    }
  },
  "4aae7a81-dd3f-4e9e-9c25-f3bb696190e5@79e6a": {
    "url": "db://assets/assets/atlas/CardAtlas.plist@79e6a",
    "value": {
      "depends": [
        "4aae7a81-dd3f-4e9e-9c25-f3bb696190e5",
        "81c467f7-17ba-4358-a94a-9fd3045153d0@6c48a"
      ]
    }
  },
  "4aae7a81-dd3f-4e9e-9c25-f3bb696190e5@7e702": {
    "url": "db://assets/assets/atlas/CardAtlas.plist@7e702",
    "value": {
      "depends": [
        "4aae7a81-dd3f-4e9e-9c25-f3bb696190e5",
        "81c467f7-17ba-4358-a94a-9fd3045153d0@6c48a"
      ]
    }
  },
  "4aae7a81-dd3f-4e9e-9c25-f3bb696190e5@eaba9": {
    "url": "db://assets/assets/atlas/CardAtlas.plist@eaba9",
    "value": {
      "depends": [
        "4aae7a81-dd3f-4e9e-9c25-f3bb696190e5",
        "81c467f7-17ba-4358-a94a-9fd3045153d0@6c48a"
      ]
    }
  },
  "4aae7a81-dd3f-4e9e-9c25-f3bb696190e5@ed52d": {
    "url": "db://assets/assets/atlas/CardAtlas.plist@ed52d",
    "value": {
      "depends": [
        "4aae7a81-dd3f-4e9e-9c25-f3bb696190e5",
        "81c467f7-17ba-4358-a94a-9fd3045153d0@6c48a"
      ]
    }
  },
  "4aae7a81-dd3f-4e9e-9c25-f3bb696190e5@21fd0": {
    "url": "db://assets/assets/atlas/CardAtlas.plist@21fd0",
    "value": {
      "depends": [
        "4aae7a81-dd3f-4e9e-9c25-f3bb696190e5",
        "81c467f7-17ba-4358-a94a-9fd3045153d0@6c48a"
      ]
    }
  },
  "4aae7a81-dd3f-4e9e-9c25-f3bb696190e5@87fca": {
    "url": "db://assets/assets/atlas/CardAtlas.plist@87fca",
    "value": {
      "depends": [
        "4aae7a81-dd3f-4e9e-9c25-f3bb696190e5",
        "81c467f7-17ba-4358-a94a-9fd3045153d0@6c48a"
      ]
    }
  },
  "4aae7a81-dd3f-4e9e-9c25-f3bb696190e5@fdaf0": {
    "url": "db://assets/assets/atlas/CardAtlas.plist@fdaf0",
    "value": {
      "depends": [
        "4aae7a81-dd3f-4e9e-9c25-f3bb696190e5",
        "81c467f7-17ba-4358-a94a-9fd3045153d0@6c48a"
      ]
    }
  },
  "4aae7a81-dd3f-4e9e-9c25-f3bb696190e5@43c4d": {
    "url": "db://assets/assets/atlas/CardAtlas.plist@43c4d",
    "value": {
      "depends": [
        "4aae7a81-dd3f-4e9e-9c25-f3bb696190e5",
        "81c467f7-17ba-4358-a94a-9fd3045153d0@6c48a"
      ]
    }
  },
  "4aae7a81-dd3f-4e9e-9c25-f3bb696190e5@9a3a3": {
    "url": "db://assets/assets/atlas/CardAtlas.plist@9a3a3",
    "value": {
      "depends": [
        "4aae7a81-dd3f-4e9e-9c25-f3bb696190e5",
        "81c467f7-17ba-4358-a94a-9fd3045153d0@6c48a"
      ]
    }
  },
  "4aae7a81-dd3f-4e9e-9c25-f3bb696190e5@e9b64": {
    "url": "db://assets/assets/atlas/CardAtlas.plist@e9b64",
    "value": {
      "depends": [
        "4aae7a81-dd3f-4e9e-9c25-f3bb696190e5",
        "81c467f7-17ba-4358-a94a-9fd3045153d0@6c48a"
      ]
    }
  },
  "5557d960-303e-4881-8b7f-1b87547a66ab@f9941": {
    "url": "db://assets/assets/atlas/AvatarAtlas.png@f9941",
    "value": {
      "depends": [
        "5557d960-303e-4881-8b7f-1b87547a66ab@6c48a"
      ]
    }
  },
  "4aae7a81-dd3f-4e9e-9c25-f3bb696190e5@d3415": {
    "url": "db://assets/assets/atlas/CardAtlas.plist@d3415",
    "value": {
      "depends": [
        "4aae7a81-dd3f-4e9e-9c25-f3bb696190e5",
        "81c467f7-17ba-4358-a94a-9fd3045153d0@6c48a"
      ]
    }
  },
  "4aae7a81-dd3f-4e9e-9c25-f3bb696190e5@d8b13": {
    "url": "db://assets/assets/atlas/CardAtlas.plist@d8b13",
    "value": {
      "depends": [
        "4aae7a81-dd3f-4e9e-9c25-f3bb696190e5",
        "81c467f7-17ba-4358-a94a-9fd3045153d0@6c48a"
      ]
    }
  },
  "4aae7a81-dd3f-4e9e-9c25-f3bb696190e5@dba4b": {
    "url": "db://assets/assets/atlas/CardAtlas.plist@dba4b",
    "value": {
      "depends": [
        "4aae7a81-dd3f-4e9e-9c25-f3bb696190e5",
        "81c467f7-17ba-4358-a94a-9fd3045153d0@6c48a"
      ]
    }
  },
  "4aae7a81-dd3f-4e9e-9c25-f3bb696190e5@f6923": {
    "url": "db://assets/assets/atlas/CardAtlas.plist@f6923",
    "value": {
      "depends": [
        "4aae7a81-dd3f-4e9e-9c25-f3bb696190e5",
        "81c467f7-17ba-4358-a94a-9fd3045153d0@6c48a"
      ]
    }
  },
  "4aae7a81-dd3f-4e9e-9c25-f3bb696190e5@e5e53": {
    "url": "db://assets/assets/atlas/CardAtlas.plist@e5e53",
    "value": {
      "depends": [
        "4aae7a81-dd3f-4e9e-9c25-f3bb696190e5",
        "81c467f7-17ba-4358-a94a-9fd3045153d0@6c48a"
      ]
    }
  },
  "4aae7a81-dd3f-4e9e-9c25-f3bb696190e5@512fe": {
    "url": "db://assets/assets/atlas/CardAtlas.plist@512fe",
    "value": {
      "depends": [
        "4aae7a81-dd3f-4e9e-9c25-f3bb696190e5",
        "81c467f7-17ba-4358-a94a-9fd3045153d0@6c48a"
      ]
    }
  },
  "4aae7a81-dd3f-4e9e-9c25-f3bb696190e5@e15d4": {
    "url": "db://assets/assets/atlas/CardAtlas.plist@e15d4",
    "value": {
      "depends": [
        "4aae7a81-dd3f-4e9e-9c25-f3bb696190e5",
        "81c467f7-17ba-4358-a94a-9fd3045153d0@6c48a"
      ]
    }
  },
  "4aae7a81-dd3f-4e9e-9c25-f3bb696190e5@a8b98": {
    "url": "db://assets/assets/atlas/CardAtlas.plist@a8b98",
    "value": {
      "depends": [
        "4aae7a81-dd3f-4e9e-9c25-f3bb696190e5",
        "81c467f7-17ba-4358-a94a-9fd3045153d0@6c48a"
      ]
    }
  },
  "4aae7a81-dd3f-4e9e-9c25-f3bb696190e5@6cb52": {
    "url": "db://assets/assets/atlas/CardAtlas.plist@6cb52",
    "value": {
      "depends": [
        "4aae7a81-dd3f-4e9e-9c25-f3bb696190e5",
        "81c467f7-17ba-4358-a94a-9fd3045153d0@6c48a"
      ]
    }
  },
  "4aae7a81-dd3f-4e9e-9c25-f3bb696190e5@1ef74": {
    "url": "db://assets/assets/atlas/CardAtlas.plist@1ef74",
    "value": {
      "depends": [
        "4aae7a81-dd3f-4e9e-9c25-f3bb696190e5",
        "81c467f7-17ba-4358-a94a-9fd3045153d0@6c48a"
      ]
    }
  },
  "4aae7a81-dd3f-4e9e-9c25-f3bb696190e5@07bef": {
    "url": "db://assets/assets/atlas/CardAtlas.plist@07bef",
    "value": {
      "depends": [
        "4aae7a81-dd3f-4e9e-9c25-f3bb696190e5",
        "81c467f7-17ba-4358-a94a-9fd3045153d0@6c48a"
      ]
    }
  },
  "4aae7a81-dd3f-4e9e-9c25-f3bb696190e5@5834a": {
    "url": "db://assets/assets/atlas/CardAtlas.plist@5834a",
    "value": {
      "depends": [
        "4aae7a81-dd3f-4e9e-9c25-f3bb696190e5",
        "81c467f7-17ba-4358-a94a-9fd3045153d0@6c48a"
      ]
    }
  },
  "4aae7a81-dd3f-4e9e-9c25-f3bb696190e5@de0eb": {
    "url": "db://assets/assets/atlas/CardAtlas.plist@de0eb",
    "value": {
      "depends": [
        "4aae7a81-dd3f-4e9e-9c25-f3bb696190e5",
        "81c467f7-17ba-4358-a94a-9fd3045153d0@6c48a"
      ]
    }
  },
  "4aae7a81-dd3f-4e9e-9c25-f3bb696190e5@b2263": {
    "url": "db://assets/assets/atlas/CardAtlas.plist@b2263",
    "value": {
      "depends": [
        "4aae7a81-dd3f-4e9e-9c25-f3bb696190e5",
        "81c467f7-17ba-4358-a94a-9fd3045153d0@6c48a"
      ]
    }
  },
  "4aae7a81-dd3f-4e9e-9c25-f3bb696190e5@97a32": {
    "url": "db://assets/assets/atlas/CardAtlas.plist@97a32",
    "value": {
      "depends": [
        "4aae7a81-dd3f-4e9e-9c25-f3bb696190e5",
        "81c467f7-17ba-4358-a94a-9fd3045153d0@6c48a"
      ]
    }
  },
  "4aae7a81-dd3f-4e9e-9c25-f3bb696190e5@5ce2d": {
    "url": "db://assets/assets/atlas/CardAtlas.plist@5ce2d",
    "value": {
      "depends": [
        "4aae7a81-dd3f-4e9e-9c25-f3bb696190e5",
        "81c467f7-17ba-4358-a94a-9fd3045153d0@6c48a"
      ]
    }
  },
  "4aae7a81-dd3f-4e9e-9c25-f3bb696190e5@6238e": {
    "url": "db://assets/assets/atlas/CardAtlas.plist@6238e",
    "value": {
      "depends": [
        "4aae7a81-dd3f-4e9e-9c25-f3bb696190e5",
        "81c467f7-17ba-4358-a94a-9fd3045153d0@6c48a"
      ]
    }
  },
  "4aae7a81-dd3f-4e9e-9c25-f3bb696190e5@07c94": {
    "url": "db://assets/assets/atlas/CardAtlas.plist@07c94",
    "value": {
      "depends": [
        "4aae7a81-dd3f-4e9e-9c25-f3bb696190e5",
        "81c467f7-17ba-4358-a94a-9fd3045153d0@6c48a"
      ]
    }
  },
  "4aae7a81-dd3f-4e9e-9c25-f3bb696190e5@62f9e": {
    "url": "db://assets/assets/atlas/CardAtlas.plist@62f9e",
    "value": {
      "depends": [
        "4aae7a81-dd3f-4e9e-9c25-f3bb696190e5",
        "81c467f7-17ba-4358-a94a-9fd3045153d0@6c48a"
      ]
    }
  },
  "4aae7a81-dd3f-4e9e-9c25-f3bb696190e5@0c21c": {
    "url": "db://assets/assets/atlas/CardAtlas.plist@0c21c",
    "value": {
      "depends": [
        "4aae7a81-dd3f-4e9e-9c25-f3bb696190e5",
        "81c467f7-17ba-4358-a94a-9fd3045153d0@6c48a"
      ]
    }
  },
  "4aae7a81-dd3f-4e9e-9c25-f3bb696190e5@ee947": {
    "url": "db://assets/assets/atlas/CardAtlas.plist@ee947",
    "value": {
      "depends": [
        "4aae7a81-dd3f-4e9e-9c25-f3bb696190e5",
        "81c467f7-17ba-4358-a94a-9fd3045153d0@6c48a"
      ]
    }
  },
  "81c467f7-17ba-4358-a94a-9fd3045153d0@6c48a": {
    "url": "db://assets/assets/atlas/CardAtlas.png@6c48a",
    "value": {
      "depends": [
        "81c467f7-17ba-4358-a94a-9fd3045153d0"
      ]
    }
  },
  "81c467f7-17ba-4358-a94a-9fd3045153d0@f9941": {
    "url": "db://assets/assets/atlas/CardAtlas.png@f9941",
    "value": {
      "depends": [
        "81c467f7-17ba-4358-a94a-9fd3045153d0@6c48a"
      ]
    }
  },
  "8d86f10e-4f68-4239-aae5-03789280bd86@f9941": {
    "url": "db://assets/assets/bg/bg.jpg@f9941",
    "value": {
      "depends": [
        "8d86f10e-4f68-4239-aae5-03789280bd86@6c48a"
      ]
    }
  }
}
