{
  "__type__": "cc.SpriteFrame",
  "content": {
    "name": "Avatar5",
    "atlas": "813978d9-6da6-4a48-bf08-2c59dc7ea676",
    "rect": {
      "x": 2,
      "y": 406,
      "width": 197,
      "height": 198
    },
    "offset": {
      "x": 0,
      "y": 0
    },
    "originalSize": {
      "width": 197,
      "height": 198
    },
    "rotated": false,
    "capInsets": [
      0,
      0,
      0,
      0
    ],
    "vertices": {
      "rawPosition": [],
      "indexes": [],
      "uv": [],
      "nuv": [],
      "minPos": {
        "x": 0,
        "y": 0,
        "z": 0
      },
      "maxPos": {
        "x": 0,
        "y": 0,
        "z": 0
      }
    },
    "texture": "5557d960-303e-4881-8b7f-1b87547a66ab@6c48a",
    "packable": true,
    "pixelsToUnit": 100,
    "pivot": {
      "x": 0.5,
      "y": 0.5
    },
    "meshType": 0
  }
}