{
  "__type__": "cc.SpriteFrame",
  "content": {
    "name": "CardAtlas",
    "atlas": "",
    "rect": {
      "x": 2,
      "y": 2,
      "width": 1197,
      "height": 1900
    },
    "offset": {
      "x": 0,
      "y": 0
    },
    "originalSize": {
      "width": 1201,
      "height": 1904
    },
    "rotated": false,
    "capInsets": [
      0,
      0,
      0,
      0
    ],
    "vertices": {
      "rawPosition": [
        -598.5,
        -950,
        0,
        598.5,
        -950,
        0,
        -598.5,
        950,
        0,
        598.5,
        950,
        0
      ],
      "indexes": [
        0,
        1,
        2,
        2,
        1,
        3
      ],
      "uv": [
        2,
        1902,
        1199,
        1902,
        2,
        2,
        1199,
        2
      ],
      "nuv": [
        0.0016652789342214821,
        0.0010504201680672268,
        0.9983347210657785,
        0.0010504201680672268,
        0.0016652789342214821,
        0.9989495798319328,
        0.9983347210657785,
        0.9989495798319328
      ],
      "minPos": {
        "x": -598.5,
        "y": -950,
        "z": 0
      },
      "maxPos": {
        "x": 598.5,
        "y": 950,
        "z": 0
      }
    },
    "texture": "81c467f7-17ba-4358-a94a-9fd3045153d0@6c48a",
    "packable": true,
    "pixelsToUnit": 100,
    "pivot": {
      "x": 0.5,
      "y": 0.5
    },
    "meshType": 0
  }
}