{
  "imports": {
    "cce:/internal/x/cc": "./chunks/d0/d0b282b9748ef7fc7d2e7bd647d71b0f7e84da53.js",
    "cce:/internal/x/prerequisite-imports": "./chunks/74/7445ff4758084772bd924d4fde9f2179dae8a9aa.js",
    "file:///Users/vivi/Desktop/TLMT/TienLenMienNam/assets/scripts/Base/AssetsManager.ts": "./chunks/39/39518b612078cd3bbb3f29a4fbcfdcde2adcca1e.js",
    "file:///Users/vivi/Desktop/TLMT/TienLenMienNam/assets/scripts/Base/Config.ts": "./chunks/cf/cf3439a896b47b1cdbc567735550b979067c8c77.js",
    "file:///Users/vivi/Desktop/TLMT/TienLenMienNam/assets/scripts/Base/DataStore.ts": "./chunks/4f/4f6b9f587ef245069f404004396dc1a3d74bf9d9.js",
    "file:///Users/vivi/Desktop/TLMT/TienLenMienNam/assets/scripts/Base/Director.ts": "./chunks/51/51928ede954cc84dbe46a466546e4d0697a3f6f8.js",
    "file:///Users/vivi/Desktop/TLMT/TienLenMienNam/assets/scripts/Base/Observer.ts": "./chunks/13/13e2fc84edfd4fa921d5c809a16c106a91b28538.js",
    "file:///Users/vivi/Desktop/TLMT/TienLenMienNam/assets/scripts/Base/Subscriber.ts": "./chunks/31/31734fd3284508152dd1b08d2be871b4a00e8def.js",
    "file:///Users/vivi/Desktop/TLMT/TienLenMienNam/assets/scripts/GameDefine/AssetsDefine.ts": "./chunks/68/683ee952613552a8f518c4ddd63fecb740786ffe.js",
    "file:///Users/vivi/Desktop/TLMT/TienLenMienNam/assets/scripts/GameDefine/GameDefine.ts": "./chunks/dd/ddb65206a7965ca86b0c38091f147dee89f845c1.js",
    "file:///Users/vivi/Desktop/TLMT/TienLenMienNam/assets/scripts/Model/GameState.ts": "./chunks/6f/6f7b2017f4789532a490255e6638f68648f598f3.js"
  },
  "scopes": {
    "./chunks/d0/d0b282b9748ef7fc7d2e7bd647d71b0f7e84da53.js": {
      "__unresolved_0": "cce:/internal/x/cc-fu/base",
      "__unresolved_1": "cce:/internal/x/cc-fu/gfx-webgl",
      "__unresolved_10": "cce:/internal/x/cc-fu/physics-framework",
      "__unresolved_11": "cce:/internal/x/cc-fu/physics-2d-framework",
      "__unresolved_12": "cce:/internal/x/cc-fu/intersection-2d",
      "__unresolved_13": "cce:/internal/x/cc-fu/primitive",
      "__unresolved_14": "cce:/internal/x/cc-fu/profiler",
      "__unresolved_15": "cce:/internal/x/cc-fu/geometry-renderer",
      "__unresolved_16": "cce:/internal/x/cc-fu/audio",
      "__unresolved_17": "cce:/internal/x/cc-fu/video",
      "__unresolved_18": "cce:/internal/x/cc-fu/xr",
      "__unresolved_19": "cce:/internal/x/cc-fu/terrain",
      "__unresolved_2": "cce:/internal/x/cc-fu/gfx-webgl2",
      "__unresolved_20": "cce:/internal/x/cc-fu/webview",
      "__unresolved_21": "cce:/internal/x/cc-fu/tween",
      "__unresolved_22": "cce:/internal/x/cc-fu/tiled-map",
      "__unresolved_23": "cce:/internal/x/cc-fu/spine",
      "__unresolved_24": "cce:/internal/x/cc-fu/dragon-bones",
      "__unresolved_25": "cce:/internal/x/cc-fu/custom-pipeline",
      "__unresolved_3": "cce:/internal/x/cc-fu/3d",
      "__unresolved_4": "cce:/internal/x/cc-fu/animation",
      "__unresolved_5": "cce:/internal/x/cc-fu/skeletal-animation",
      "__unresolved_6": "cce:/internal/x/cc-fu/2d",
      "__unresolved_7": "cce:/internal/x/cc-fu/ui",
      "__unresolved_8": "cce:/internal/x/cc-fu/particle",
      "__unresolved_9": "cce:/internal/x/cc-fu/particle-2d"
    },
    "./chunks/74/7445ff4758084772bd924d4fde9f2179dae8a9aa.js": {
      "__unresolved_0": "./chunks/39/39518b612078cd3bbb3f29a4fbcfdcde2adcca1e.js",
      "__unresolved_1": "./chunks/cf/cf3439a896b47b1cdbc567735550b979067c8c77.js",
      "__unresolved_2": "./chunks/4f/4f6b9f587ef245069f404004396dc1a3d74bf9d9.js",
      "__unresolved_3": "./chunks/51/51928ede954cc84dbe46a466546e4d0697a3f6f8.js",
      "__unresolved_4": "./chunks/13/13e2fc84edfd4fa921d5c809a16c106a91b28538.js",
      "__unresolved_5": "./chunks/31/31734fd3284508152dd1b08d2be871b4a00e8def.js",
      "__unresolved_6": "./chunks/68/683ee952613552a8f518c4ddd63fecb740786ffe.js",
      "__unresolved_7": "./chunks/dd/ddb65206a7965ca86b0c38091f147dee89f845c1.js",
      "__unresolved_8": "./chunks/6f/6f7b2017f4789532a490255e6638f68648f598f3.js"
    },
    "./chunks/6f/6f7b2017f4789532a490255e6638f68648f598f3.js": {
      "__unresolved_0": "./chunks/84/84741ad843cea9a440c5d8c2d379669b6551400d.js",
      "__unresolved_1": "./chunks/4b/4be1433d4c0f8bba89b302d76ee7975d70d3ace7.js",
      "cc": "./chunks/d0/d0b282b9748ef7fc7d2e7bd647d71b0f7e84da53.js"
    },
    "./chunks/4b/4be1433d4c0f8bba89b302d76ee7975d70d3ace7.js": {
      "__unresolved_0": "./chunks/84/84741ad843cea9a440c5d8c2d379669b6551400d.js",
      "__unresolved_1": "./chunks/8c/8ca8a4e5581ee3c6010b357d28bed918e4d317f1.js",
      "__unresolved_2": "./chunks/e2/e22b6f02adf5d686a7ebd142d6b23614b189f373.js",
      "__unresolved_3": "./chunks/8c/8ca8a4e5581ee3c6010b357d28bed918e4d317f1.js",
      "__unresolved_4": "./chunks/8c/8ca8a4e5581ee3c6010b357d28bed918e4d317f1.js"
    },
    "./chunks/8c/8ca8a4e5581ee3c6010b357d28bed918e4d317f1.js": {
      "__unresolved_0": "./chunks/e2/e22b6f02adf5d686a7ebd142d6b23614b189f373.js"
    },
    "./chunks/dd/ddb65206a7965ca86b0c38091f147dee89f845c1.js": {
      "cc": "./chunks/d0/d0b282b9748ef7fc7d2e7bd647d71b0f7e84da53.js"
    },
    "./chunks/68/683ee952613552a8f518c4ddd63fecb740786ffe.js": {
      "cc": "./chunks/d0/d0b282b9748ef7fc7d2e7bd647d71b0f7e84da53.js"
    },
    "./chunks/31/31734fd3284508152dd1b08d2be871b4a00e8def.js": {
      "__unresolved_0": "./chunks/84/84741ad843cea9a440c5d8c2d379669b6551400d.js",
      "__unresolved_1": "./chunks/13/13e2fc84edfd4fa921d5c809a16c106a91b28538.js",
      "cc": "./chunks/d0/d0b282b9748ef7fc7d2e7bd647d71b0f7e84da53.js"
    },
    "./chunks/13/13e2fc84edfd4fa921d5c809a16c106a91b28538.js": {
      "__unresolved_0": "./chunks/84/84741ad843cea9a440c5d8c2d379669b6551400d.js",
      "__unresolved_1": "./chunks/cf/cf3439a896b47b1cdbc567735550b979067c8c77.js",
      "__unresolved_2": "./chunks/4f/4f6b9f587ef245069f404004396dc1a3d74bf9d9.js",
      "__unresolved_3": "./chunks/39/39518b612078cd3bbb3f29a4fbcfdcde2adcca1e.js",
      "cc": "./chunks/d0/d0b282b9748ef7fc7d2e7bd647d71b0f7e84da53.js"
    },
    "./chunks/39/39518b612078cd3bbb3f29a4fbcfdcde2adcca1e.js": {
      "cc": "./chunks/d0/d0b282b9748ef7fc7d2e7bd647d71b0f7e84da53.js"
    },
    "./chunks/4f/4f6b9f587ef245069f404004396dc1a3d74bf9d9.js": {
      "cc": "./chunks/d0/d0b282b9748ef7fc7d2e7bd647d71b0f7e84da53.js"
    },
    "./chunks/cf/cf3439a896b47b1cdbc567735550b979067c8c77.js": {
      "cc": "./chunks/d0/d0b282b9748ef7fc7d2e7bd647d71b0f7e84da53.js"
    },
    "./chunks/51/51928ede954cc84dbe46a466546e4d0697a3f6f8.js": {
      "__unresolved_0": "./chunks/84/84741ad843cea9a440c5d8c2d379669b6551400d.js",
      "__unresolved_1": "./chunks/31/31734fd3284508152dd1b08d2be871b4a00e8def.js",
      "__unresolved_2": "./chunks/6f/6f7b2017f4789532a490255e6638f68648f598f3.js",
      "cc": "./chunks/d0/d0b282b9748ef7fc7d2e7bd647d71b0f7e84da53.js"
    }
  }
}
